Compound_name,CAS_number,Canonical_SMILES,Dataset_type,Nearest_training_compound,Nearest_training_SMILES,Max_Tanimoto_similarity,AD_status,Bootstrap_mean_predicted_pT,Bootstrap_SD_predicted_pT,Bootstrap_95PI_lower_pT,Bootstrap_95PI_upper_pT
Ethenylbenzene,100-42-5,C=CC1=CC=CC=C1,External Validation,Benzaldehyde,C1=CC=C(C=C1)C=O,0.473684210526316,Borderline,3.38532422542572,0.248944019530842,2.88461496829987,3.87275046110153
3-Methylanisole,100-84-5,CC1=CC(=CC=C1)OC,External Validation,"1,3-Dimethylbenzene",CC1=CC(=CC=C1)C,0.55,Borderline,4.64543493747711,0.231984064160689,4.19615463018417,5.15073232650757
"(2,2-Dimethoxyethyl)benzene",101-48-4,COC(CC1=CC=CC=C1)OC,External Validation,Ethylbenzene,CCC1=CC=CC=C1,0.434782608695652,Borderline,3.59310083627701,0.300734377272907,3.0771580517292,4.21577367782593
Ethyl 2-phenylacetate,101-97-3,CCOC(=O)CC1=CC=CC=C1,External Validation,Phenylacetic acid,C1=CC=C(C=C1)CC(=O)O,0.518518518518518,Borderline,5.05199783802032,0.371743240002703,4.31787811517715,5.76642205715179
2-Octyl acetate,103-09-3,CCCCC(CC)COC(=O)C,External Validation,2-Methylbutyl acetate,CCC(C)COC(=O)C,0.5,Borderline,4.87397445678711,0.274879970164652,4.38484196662903,5.40576463937759
Benzyl butanoate,103-37-7,CCCC(=O)OCC1=CC=CC=C1,External Validation,Benzyl acetate,CC(=O)OCC1=CC=CC=C1,0.6,In-domain,4.09212207555771,0.282094572234146,3.57519663572311,4.6028204202652
3-Phenyl-2-propen-1-yl acetate,103-54-8,CC(=O)OCC=CC1=CC=CC=C1,External Validation,Ethyl cinnamate,CCOC(=O)C=CC1=CC=CC=C1,0.5,Borderline,4.3389777803421,0.243193465794068,3.90584258437157,4.81262629032135
4-Hydroxynonanoic acid lactone,104-61-0,CCCCCC1CCC(=O)O1,External Validation,4-Hydroxydodecanoic acid lactone,CCCCCCCCC1CCC(=O)O1,0.962962962962963,In-domain,4.914545545578,0.225077138188019,4.45643066167831,5.30608862638474
2-Phenylethyl formate,104-62-1,C1=CC=C(C=C1)CCOC=O,External Validation,2-Phenylethyl acetate,CC(=O)OCCC1=CC=CC=C1,0.483870967741935,Borderline,4.89124418735504,0.249978919303807,4.46427844762802,5.44566457271576
4-Methoxybenzyl alcohol,105-13-5,COC1=CC=C(C=C1)CO,External Validation,1-Allyl-4-methoxybenzene,COC1=CC=C(C=C1)CC=C,0.518518518518518,Borderline,3.44783540725708,0.240961698166514,3.09800322651863,3.95359070301056
4-Hydroxyheptanoic acid lactone,105-21-5,CCCC1CCC(=O)O1,External Validation,4-Hydroxyoctanoic acid lactone,CCCCC1CCC(=O)O1,0.777777777777778,In-domain,4.8593905544281,0.29100205199431,4.32207151651382,5.36043305397034
2-Methyl-1-propanol,105-30-6,CCCC(C)CO,External Validation,3-Methylhexane,CCCC(C)CC,0.555555555555556,Borderline,3.27418382644653,0.177837203919825,2.943592441082,3.59723029732704
3-Methylpentanoic acid,105-43-1,CCC(C)CC(=O)O,External Validation,5-Methyl-3-heptanone,CCC(C)CC(=O)CC,0.590909090909091,Borderline,2.59851709127426,0.244070369764458,2.1986111998558,3.02767486572266
"1,1-Diethoxyethane",105-57-7,CCOC(C)OCC,External Validation,Ethyl 2-methylpropanoate,CCOC(=O)C(C)C,0.333333333333333,Out-of-domain,2.93342259407043,0.324036090287891,2.38970127701759,3.56549241542816
"3,7-Dimethyl-(E)-1,6-octadien-1-yl formate",105-86-2,CC(=CCCC(=CCOC=O)C)C,External Validation,"3,7-Dimethyl-(e)-2,6-octadien-1-yl propanoate",CCC(=O)OCC=C(C)CCC=C(C)C,0.558823529411765,Borderline,4.89197186946869,0.259290733779456,4.43826868534088,5.43673468828201
"Cyclo-1,3-ethylenedioxy-1,3-tridecanedione",105-95-3,C1CCCCCC(=O)OCCOC(=O)CCCCC1,External Validation,15-Hydroxypentadecanoic acid lactone,C1CCCCCCCOC(=O)CCCCCC1,0.833333333333333,In-domain,3.40057682514191,0.391017876616171,2.46158409118652,4.03873388171196
4-(Methylthio)phenol,1073-72-9,CSC1=CC=C(C=C1)O,External Validation,"1,4-Dihydroxybenzene",C1=CC(=CC=C1O)O,0.5,Borderline,4.14404865026474,0.351350809206733,3.63878705501556,4.80944875478744
"1,3,5-Trichlorobenzene",108-70-3,C1=C(C=C(C=C1Cl)Cl)Cl,External Validation,"2,4,6-Trichlorophenol",C1=C(C=C(C(=C1Cl)O)Cl)Cl,0.466666666666667,Borderline,5.68756794452667,0.341637601608729,5.09790219068527,6.4029821395874
Butyl butanoate,109-21-7,CCCCOC(=O)CCC,External Validation,Octyl butanoate,CCCCCCCCOC(=O)CCC,0.826086956521739,In-domain,4.81844656467438,0.170929648996954,4.54798353910446,5.11334500312805
5-Methyl-2-hexanone,110-12-3,CC(C)CCC(=O)C,External Validation,6-Methyl-2-heptanone,CC(C)CCCC(=O)C,0.7,In-domain,4.45205161094666,0.193893782042066,4.15098210573196,4.83585857152939
Methyl decanoate,110-42-9,CCCCCCCCCC(=O)OC,External Validation,Methyl heptanoate,CCCCCCC(=O)OC,1,In-domain,4.17778324365616,0.377651722781893,3.64957904815674,5.03740763664246
Butyl cyanide,110-59-8,CCCCC#N,External Validation,Tetradecane,CCCCCCCCCCCCCC,0.375,Out-of-domain,2.97498231053352,0.311408780026745,2.42415476441383,3.5316210269928
Pentanal,110-62-3,CCCCC=O,External Validation,Hexanal,CCCCCC=O,0.8125,In-domain,3.16737506866455,0.314139128847283,2.65030201673508,3.78560687899589
2-(Ethylthio)ethanol,110-77-0,CCSCCO,External Validation,(Ethylthio)ethane,CCSCC,0.466666666666667,Borderline,4.07825572490692,0.631979281210738,2.88951027393341,5.38525067567825
2-Methylhept-2-en-6-one,110-93-0,CC(=CCCC(=O)C)C,External Validation,(Z)-5-octen-2-one,CCC=CCCC(=O)C,0.5,Borderline,5.02092268466949,0.256587493747241,4.57616767883301,5.56589648723602
Methyl octanoate,111-11-5,CCCCCCCC(=O)OC,External Validation,Methyl heptanoate,CCCCCCC(=O)OC,1,In-domain,4.78443250179291,0.37348655689632,4.15178575515747,5.63325623273849
1-Octene,111-66-0,CCCCCCC=C,External Validation,1-Pentadecene,CCCCCCCCCCCCCC=C,1,In-domain,3.53275476455688,0.446434477088848,2.61726145148277,4.34257121086121
3-Hepten-2-one,1119-44-4,CCCC=CC(=O)C,External Validation,"(E,e)-2,5-nonadien-4-one",CCCC=CC(=O)C=CC,0.56,Borderline,5.21100577831268,0.563104011117946,4.19870874881744,6.13013796806335
2-Decanol,1120-06-5,CCCCCCCCC(C)O,External Validation,2-Dodecanol,CCCCCCCCCCC(C)O,1,In-domain,3.62091350793838,0.159160950255265,3.34206551909447,3.85786482095718
Heptyl acetate,112-06-1,CCCCCCCOC(=O)C,External Validation,Decyl acetate,CCCCCCCCCCOC(=O)C,1,In-domain,4.29535799503326,0.230408797382923,3.901901948452,4.73120741844177
Tetramethylpyrazine,1124-11-4,CC1=C(N=C(C(=N1)C)C)C,External Validation,Trimethylpyrazine,CC1=CN=C(C(=N1)C)C,0.411764705882353,Borderline,4.05015793800354,0.29651043933221,3.56970874071121,4.75291969776154
"[1R-(1R*,4R*,6R*,10S*)]-4,12,12-Trimethyl-9-methylene-5-oxatricyclo[8.2.04,6]dodecane",1139-30-6,CC1(CC2C1CCC3(C(O3)CCC2=C)C)C,External Validation,"4,11,11-Trimethyl-8-methylenebicyclo[7.2.0]-4-undecene",CC1=CCCC(=C)C2CC(C2CC1)(C)C,0.476190476190476,Borderline,5.57116749286652,0.297975447425258,5.03015066385269,6.11101741790771
"3,7-Dimethyl-1,6-octadien-3-yl acetate",115-95-7,CC(=CCCC(C)(C=C)OC(=O)C)C,External Validation,Linalool,CC(=CCCC(C)(C=C)O)C,0.515151515151515,Borderline,4.69029593944549,0.203312490352154,4.28281271457672,5.06784272193909
Benzyl salicylate,118-58-1,C1=CC=C(C=C1)COC(=O)C2=CC=CC=C2O,External Validation,Benzyl acetate,CC(=O)OCC1=CC=CC=C1,0.53125,Borderline,2.45972080945969,0.202381348202268,2.09227266311645,2.87152472138405
Ethyl salicylate,118-61-6,CCOC(=O)C1=CC=CC=C1O,External Validation,2-Ethylphenol,CCC1=CC=CC=C1O,0.433333333333333,Borderline,2.84575940132141,0.19627811262038,2.4927865087986,3.33526624441147
2-Formyl-1-methylpyrrole,1192-58-1,CN1C=CC=C1C=O,External Validation,Benzaldehyde,C1=CC=C(C=C1)C=O,0.307692307692308,Out-of-domain,2.92264085531235,0.405222820572184,2.35274897813797,3.84498106241226
Methyl salicylate,119-36-8,COC(=O)C1=CC=CC=C1O,External Validation,Methyl 4-hydroxybenzoate,COC(=O)C1=CC=C(C=C1)O,0.448275862068966,Borderline,2.84468051195145,0.164475439670216,2.53771718144417,3.20388747453689
Limonene epoxide,1195-92-2,CC(=C)C1CCC2(C(C1)O2)C,External Validation,"[1R-(1α,3α,4β)]-4-ethenyl-α,α,4-trimethyl-3-(1-methylethenyl)cyclohexanemethanol",CC(=C)C1CC(CCC1(C)C=C)C(C)(C)O,0.295454545454546,Out-of-domain,5.07855731487274,0.302757651525373,4.48510848283768,5.6491246342659
3-(Ethylamino)-4-methylphenol,120-37-6,CCNC1=C(C=CC(=C1)O)C,External Validation,"3,4-Dimethylphenol",CC1=C(C=C(C=C1)O)C,0.481481481481482,Borderline,3.10965351343155,0.263682056687099,2.55133002400398,3.60509730577469
Benzyl benzoate,120-51-4,C1=CC=C(C=C1)COC(=O)C2=CC=CC=C2,External Validation,Benzyl acetate,CC(=O)OCC1=CC=CC=C1,0.607142857142857,In-domain,4.34616588115692,0.241377533106748,3.8866036593914,4.8416655421257
1-Methylpyrrolidine,120-94-5,CN1CCCC1,External Validation,N-methylpiperidine,CN1CCCCC1,0.909090909090909,In-domain,2.10290857195854,0.309455301215445,1.39358384311199,2.55012249350548
4-Isopropylbenzaldehyde,122-03-2,CC(C)C1=CC=C(C=C1)C=O,External Validation,4-Methoxybenzaldehyde,COC1=CC=C(C=C1)C=O,0.461538461538462,Borderline,4.55266865968704,0.223016698282243,4.11542844772339,4.98259508609772
1-(4-Methoxyphenyl)-2-propanone,122-84-9,CC(=O)CC1=CC=C(C=C1)OC,External Validation,1-Allyl-4-methoxybenzene,COC1=CC=C(C=C1)CC=C,0.451612903225806,Borderline,4.93784201622009,0.349828794809223,4.35554168224335,5.64876943826675
4-Heptanone,123-19-3,CCCC(=O)CCC,External Validation,4-Nonanone,CCCCCC(=O)CCC,0.705882352941177,In-domain,4.15556021928787,0.171429055807704,3.76901108622551,4.46787571907043
"Pentane-2,3-dione",123-54-6,CC(=O)CC(=O)C,External Validation,1-Hydroxy-2-propanone,CC(=O)CO,0.538461538461538,Borderline,2.49836329460144,0.283861698106584,1.96786683499813,3.0486720263958
Butanal,123-72-8,CCCC=O,External Validation,Hexanal,CCCCCC=O,0.588235294117647,Borderline,2.72802920460701,0.349636428794803,2.14561420083046,3.34256976246834
2-Octanol,123-96-6,CCCCCCC(C)O,External Validation,2-Dodecanol,CCCCCCCCCCC(C)O,1,In-domain,3.46965081691742,0.14266727017406,3.17963054776192,3.72411068677902
Heptyl cyanide,124-12-9,CCCCCCCC#N,External Validation,Tetradecane,CCCCCCCCCCCCCC,0.5,Borderline,4.11444805622101,0.304091719879117,3.47289096713066,4.68303378820419
"2,6-Di-tert-butylphenol",128-39-2,CC(C)(C)C1=C(C(=CC=C1)C(C)(C)C)O,External Validation,"2,6-Di-tert-butyl-4-methylphenol",CC1=CC(=C(C(=C1)C(C)(C)C)O)C(C)(C)C,0.521739130434783,Borderline,3.21215405464172,0.150787030617646,3.01466011404991,3.60418981313705
Methyl 2-aminobenzoate,134-20-3,COC(=O)C1=CC=CC=C1N,External Validation,Methyl 4-hydroxybenzoate,COC(=O)C1=CC=C(C=C1)O,0.387096774193548,Out-of-domain,2.66387192130089,0.245233640789287,2.20446282029152,3.11436190605164
"3,5-Dimethyl-1,2-cyclopentadione",13494-07-0,CC1CC(C(=O)C1=O)C,External Validation,4-Methylcyclohexanone,CC1CCC(=O)CC1,0.333333333333333,Out-of-domain,4.22522028207779,0.272096904589448,3.70726405978203,4.66252856254578
Methyl 3-(methylthio)propanoate,13532-18-8,COC(=O)CCSC,External Validation,Ethyl 3-(methylthio)propanoate,CCOC(=O)CCSC,0.6,In-domain,5.3144412279129,0.327386475174333,4.85186657905579,6.12773824930191
"2,4,5-Trimethyl thiazole",13623-11-5,CC1=C(SC(=N1)C)C,External Validation,"2-Isobutyl-4,5-dimethylthiazole",CC1=C(SC(=N1)CC(C)C)C,0.423076923076923,Borderline,5.45896059513092,0.29181004987359,4.93767447471619,5.9843413233757
"2-Ethyl-3,5-dimethylpyrazine",13925-07-0,CCC1=NC=C(N=C1C)C,External Validation,"2-Ethyl-3,6-dimethylpyrazine",CCC1=NC(=CN=C1C)C,0.68,In-domain,4.05712698459625,0.219038889874485,3.68437470197678,4.57828567028046
Ethyl 2-propenoate,140-88-5,CCOC(=O)C=C,External Validation,Butyl 2-propenoate,CCCCOC(=O)C=C,0.6,In-domain,3.76933284044266,0.359099601073975,3.08733030557632,4.2413321852684
2-Mercaptobenzothiazole,149-30-4,C1=CC=C2C(=C1)NC(=S)S2,External Validation,2-Methylbenzothiazole,CC1=NC2=CC=CC=C2S1,0.272727272727273,Out-of-domain,4.53922082901001,0.274002180238745,4.08014388084412,5.06831480264664
"3,7-Dimethyl-6-octen-1-yl acetate",150-84-5,CC(CCC=C(C)C)CCOC(=O)C,External Validation,"3,7-Dimethyl-6-octen-1-ol",CC(CCC=C(C)C)CCO,0.548387096774194,Borderline,4.85808817386627,0.286013922280538,4.3559868812561,5.40475341081619
Ethyl 3-cyclohexene-1-carboxylate,15111-56-5,CCOC(=O)C1CC=CCC1,External Validation,Ethyl 3-cyclohexenecarboxylate,CCOC(=O)C1CCC=CC1,1,In-domain,7.54457090377808,1.23288258266954,5.31096974611282,8.51868648529053
2-Ethoxy thiazole,15679-19-3,CCOC1=NC=CS1,External Validation,2-Ethoxy-3-methylpyrazine,CCOC1=NC=CN=C1C,0.366666666666667,Out-of-domain,5.34126451015472,0.341393292854923,4.70703176259994,6.00651551485062
Butyl 2-methylbutanoate,15706-73-7,CCCCOC(=O)C(C)CC,External Validation,Pentyl 2-methylbutanoate,CCCCCOC(=O)C(C)CC,0.875,In-domain,5.30235896587372,0.328644304968691,4.68862057924271,5.86446213722229
2-Ethyl 3-methyl pyrazine,15707-23-0,CCC1=NC=CN=C1C,External Validation,2-Isobutyl-3-methylpyrazine,CC1=NC=CN=C1CC(C)C,0.56,Borderline,4.30994270086288,0.157508610731836,4.0004703104496,4.57320619821548
2-Methylhepta-2-trans-4-dien-6-one,1604-28-0,CC(=CC=CC(=O)C)C,External Validation,3-Penten-2-one,CC=CC(=O)C,0.45,Borderline,5.54649954319,0.384774409225739,4.88993386030197,6.27683230638504
Fenchyl alcohol,1632-73-1,CC1(C2CCC(C2)(C1O)C)C,External Validation,"Exo-1,7,7-trimethylbicyclo[2.2,1]-2-heptanol",CC1(C2CCC1(C(C2)O)C)C,0.354838709677419,Out-of-domain,4.30632508516312,0.817568136206091,2.85993441939354,5.13058339357376
2-Methoxy-2-methylpropane,1634-04-4,CC(C)(C)OC,External Validation,"Methyl 2,2-dimethylpropanoate",CC(C)(C)C(=O)OC,0.294117647058823,Out-of-domain,2.62424912571907,0.356665236980129,1.90736203789711,3.25205581188202
(Z)-3-Hexenyl butanoate,16491-36-4,CCCC(=O)OCCC=CCC,External Validation,Propyl butanoate,CCCC(=O)OCCC,0.592592592592593,Borderline,4.7864094209671,0.380749281406697,4.22037333250046,5.6229746222496
4-Ethyloctanoic acid,16493-80-4,CCCCC(CC)CCC(=O)O,External Validation,Pentanoic acid,CCCCC(=O)O,0.52,Borderline,2.21462611079216,0.238266011414159,1.83291520476341,2.64642081856728
2-Undecanol,1653-30-1,CCCCCCCCCC(C)O,External Validation,2-Dodecanol,CCCCCCCCCCC(C)O,1,In-domain,3.58372918605804,0.224864286644008,3.16871507167816,3.92225952148437
1-Bromo-3-chloro-5-methoxybenzene,174913-12-3,COC1=CC(=CC(=C1)Br)Cl,External Validation,4-Chloroanisole,COC1=CC=C(C=C1)Cl,0.423076923076923,Borderline,6.97651729106903,0.347845476621093,6.36257661581039,7.56961458921432
"2,3-Diethyl-5-methylpyrazine",18138-04-0,CCC1=NC=C(N=C1CC)C,External Validation,"2-Ethyl-3,6-dimethylpyrazine",CCC1=NC(=CN=C1C)C,0.708333333333333,In-domain,4.19850296735764,0.330961568768834,3.6744890153408,4.88791062831879
"4-Bromo-2,6-dichloroanisole",19240-91-6,COC1=C(C=C(C=C1Cl)Br)Cl,External Validation,"2,4,6-Trichloroanisole",COC1=C(C=C(C=C1Cl)Cl)Cl,0.636363636363636,In-domain,8.26095242023468,0.310217849286835,7.42990576028824,8.60471212863922
Isopentyl octanoate,2035-99-6,CCCCCCCC(=O)OCCC(C)C,External Validation,Isopentyl hexanoate,CCCCCC(=O)OCCC(C)C,0.962962962962963,In-domain,4.38709858417511,0.265063259756116,3.87097741365433,4.88694738149643
"2,4,5-Trimethyloxazole",20662-84-4,CC1=C(OC(=N1)C)C,External Validation,"2,5-Dimethyl-3-(methyldithio)furan",CC1=CC(=C(O1)C)SSC,0.241379310344828,Out-of-domain,3.47586551904678,0.340429418290241,2.91128005981445,4.17746449708939
2-Propenyldithio-2-propene,2179-57-9,C=CCSSCC=C,External Validation,1-Pentadecene,CCCCCCCCCCCCCC=C,0.227272727272727,Out-of-domain,7.46428557872772,0.414030379658507,6.41469882726669,8.03051736354828
2-Ethyl-3-(methylthio)pyrazine,21948-70-9,CSC1=NC=CN=C1,External Validation,2-Methyl-5-(methylthio)pyrazine,CC1=CN=C(C=N1)SC,0.461538461538462,Borderline,5.64440395832062,0.265431886046695,5.1924661397934,6.118290579319
3-Undecanone,2216-87-7,CCCCCCCCC(=O)CC,External Validation,3-Dodecanone,CCCCCCCCCC(=O)CC,1,In-domain,4.36031490802765,0.0808688094762181,4.22184355258942,4.51184903383255
"3,7-Dimethyl-(E)-2,6-octadien-1-yl 2-methylpropanoate",2345-26-8,CC(C)C(=O)OCC=C(C)CCC=C(C)C,External Validation,"3,7-Dimethyl-(e)-2,6-octadien-1-yl propanoate",CCC(=O)OCC=C(C)CCC=C(C)C,0.647058823529412,In-domain,5.00571694374085,0.258388884680825,4.56935467720032,5.59923532009125
6-Undecanol,23708-56-7,CCCCCC(CCCCC)O,External Validation,4-Nonanol,CCCCCC(CCC)O,0.882352941176471,In-domain,3.40171542882919,0.206678716802292,2.93555806279182,3.78245248198509
Methyl 5-hexenoate,2396-80-7,COC(=O)CCCC=C,External Validation,Methyl hexanoate,CCCCCC(=O)OC,0.518518518518518,Borderline,5.27122362136841,0.250835358911965,4.79554523229599,5.71715908050537
2-tert-Butyl-4-methylphenol,2409-55-4,CC1=CC(=C(C=C1)O)C(C)(C)C,External Validation,2-Tert-butyl-5-methylphenol,CC1=CC(=C(C=C1)C(C)(C)C)O,0.708333333333333,In-domain,3.25049518346786,0.095484179035174,3.04570140242577,3.40944371819496
"2,3-Butanediol",24347-58-8,CC(C(C)O)O,External Validation,3-Methyl-2-butanol,CC(C)C(C)O,0.666666666666667,In-domain,1.41472818136215,0.242532609283554,0.963825812935829,1.92719022333622
Undecyl cyanide,2437-25-4,CCCCCCCCCCCC#N,External Validation,Tetradecane,CCCCCCCCCCCCCC,0.5,Borderline,3.61593936920166,0.328587475118205,3.07718370556831,4.29606660604477
Isobutyl 2-methylbutanoate,2445-67-2,CCC(C)C(=O)OCC(C)C,External Validation,2-Methylbutyl 2-methylbutyrate,CCC(C)COC(=O)C(C)CC,0.708333333333333,In-domain,5.75624426364899,0.383061339304169,5.15701160430908,6.69799299240112
Hexyl propanoate,2445-76-3,CCCCCCOC(=O)CC,External Validation,Butyl propanoate,CCCCOC(=O)CC,0.818181818181818,In-domain,4.38315134763718,0.210684017662678,3.92921952009201,4.78381315469742
trans-2-Hexenyl acetate,2497-18-9,CCCC=CCOC(=O)C,External Validation,(Z)-2-hexenyl hexanoate,CCCCCC(=O)OCC=CCCC,0.580645161290323,Borderline,5.0994903755188,0.269508519735219,4.65310242176056,5.65448808670044
4-Ethenylphenol,2628-17-3,C=CC1=CC=C(C=C1)O,External Validation,"1,4-Dihydroxybenzene",C1=CC(=CC=C1O)O,0.5,Borderline,3.61065506696701,0.21337412957777,3.15253016352653,3.96779334545135
"1,2-Benzothiazole",272-16-2,C1=CC=C2C(=C1)C=NS2,External Validation,Naphthalene,C1=CC=C2C=CC=CC2=C1,0.35,Out-of-domain,5.57235365390778,0.284074794227623,5.07103073596954,6.12844940423965
5-Ethyl-4-hydroxy-2-methyl-3(2H)-furanone,27538-09-6,CCC1=C(C(=O)C(O1)C)O,External Validation,4-Hydroxy-2- or 5-ethyl-5- or 2-methyl- 3(2h)-furanone,CCC1C(=O)C(=C(O1)C)O,0.393939393939394,Out-of-domain,3.8387931060791,0.645043823090911,2.71015977859497,4.52376062870026
6-Pentyl-2-pyrone,27593-23-3,CCCCCC1=CC=CC(=O)O1,External Validation,2-Pentylfuran,CCCCCC1=CC=CO1,0.53125,Borderline,4.82516421318054,0.23477956982654,4.37632126808167,5.29068576097488
Isopentyl 2-methylbutanoate,27625-35-0,CCC(C)C(=O)OCCC(C)C,External Validation,Propyl 2-methylbutanoate,CCCOC(=O)C(C)CC,0.68,In-domain,5.29131655693054,0.246532444893445,4.87756688594818,5.84464415311813
"(1R,2R)-(-)-Methyl 3-oxo-2-(2-(Z)-pentenyl)cyclopentane-1-acetate",28588-75-2,CC1=C(C=CO1)SSC2=C(OC=C2)C,External Validation,2-Methyl-3-(methyldithio)furan,CC1=C(C=CO1)SSC,0.772727272727273,In-domain,4.47021744012833,0.38827584053872,3.83809996843338,5.33436642885208
"1,2,3,5,6-Pentathiepane",292-46-6,C1SSCSSS1,External Validation,"1,2,4-Trithiolane",C1SCSS1,0.416666666666667,Borderline,6.12274290561676,0.336418847686291,5.46704193353653,6.75265052318573
Methyl methanethiosulphonate,2949-92-0,CSS(C)(=O)=O,External Validation,Dimethyl disulphide,CSSC,0.25,Out-of-domain,4.80776824951172,0.414176593373151,3.96206234097481,5.54097126722336
"Ethyl (E,Z)-2,4-decadienoate",3025-30-7,CCCCCC=CC=CC(=O)OCC,External Validation,"2,4-Decadienal",CCCCCC=CC=CC=O,0.484848484848485,Borderline,5.30064829826355,0.331494502276249,4.71825586557388,5.90791047811508
(E)-2-Nonen-1-ol,31502-14-4,CCCCCCC=CCO,External Validation,7-Heptadecene,CCCCCCCCCC=CCCCCCC,0.736842105263158,In-domain,4.32377209186554,0.350910135843284,3.63541080951691,4.9992359161377
2-Ethylfuran,3208-16-0,CCC1=CC=CO1,External Validation,2-Butylfuran,CCCCC1=CC=CO1,0.6,In-domain,3.14542616128921,0.232376291243282,2.76869004368782,3.59812055230141
"4,5-Dimethylthiazole",3581-91-7,CC1=C(SC=N1)C,External Validation,"2,3-Dimethylpyrazine",CC1=NC=CN=C1C,0.35,Out-of-domain,4.72192490339279,0.272476019856311,4.13407198190689,5.23663399219513
(Z)-6-Nonen-1-ol,35854-86-5,CCC=CCCCCCO,External Validation,3-Hexen-1-ol,CCC=CCCO,0.619047619047619,In-domain,4.00474692583084,0.319225484965141,3.29786669015884,4.54517010450363
"2,5-Dimethyl-4-methoxy-3(2H)-furanone",3658-77-3,CC1C(=O)C(=C(O1)C)O,External Validation,4-Hydroxy-2- or 5-ethyl-5- or 2-methyl- 3(2h)-furanone,CCC1C(=O)C(=C(O1)C)O,0.535714285714286,Borderline,3.07475380182266,0.351663767138693,2.46650822758675,3.59368796348572
5-Undecanol,37493-70-2,CCCCCCC(CCCC)O,External Validation,5-Nonanol,CCCCC(CCCC)O,0.823529411764706,In-domain,3.5261439538002,0.183123395889021,3.13337503671646,3.87932167053223
"2,2-Dimethyl-3-hexanol",4209-90-9,CCCC(C(C)(C)C)O,External Validation,4-Heptanol,CCCC(CCC)O,0.473684210526316,Borderline,3.58275754213333,0.16307305358467,3.33101522922516,3.92928805947304
2-(Isopropyldithio)propane,4253-89-8,CC(C)SSC(C)C,External Validation,1-Amino-2-propanol,CC(CN)O,0.266666666666667,Out-of-domain,6.43385013103485,0.433146481856313,5.65802762508392,7.28443975448608
"2,3-Butanedione",431-03-8,CC(=O)C(=O)C,External Validation,Propanone,CC(=O)C,0.625,In-domain,2.03960534095764,0.356211014038069,1.42032445073128,2.80862492918968
"2,2-Diisopropyl-1,3-dioxolane",4421-10-7,CC(C)C1(OCCO1)C(C)C,External Validation,3-Hydroxy-2-butanone,CC(C(=O)C)O,0.2,Out-of-domain,3.83085701227188,0.274239719027027,3.32541921138763,4.3487034201622
Ethyl cyclopropanecarboxylate,4606-07-9,CCOC(=O)C1CC1,External Validation,Ethyl cyclooctanecarboxylate,CCOC(=O)C1CCCCCCC1,0.782608695652174,In-domain,5.39260848045349,0.506257401564364,4.46465179920196,6.29354590177536
"8-Isopropenyl-5,6-dimethylbicyclo[4.4.0]-1-decen-3-one",4674-50-4,CC1CC(=O)C=C2C1(CC(CC2)C(=C)C)C,External Validation,5-Isopropenyl-2-methyl-2-cyclohexen-1-one,CC1=CCC(CC1=O)C(=C)C,0.347826086956522,Out-of-domain,5.27403517723083,0.221181257090687,4.87243174314499,5.63848888874054
Cyclooctanone,502-49-8,C1CCCC(=O)CCC1,External Validation,Cyclopentadecanone,C1CCCCCCCC(=O)CCCCCC1,1,In-domain,3.92395505189896,0.273884084569089,3.38865639567375,4.45233055353165
2-(Methylthio)ethanol,5271-38-5,CSCCO,External Validation,3-(Methylthio)-1-propanol,CSCCCO,0.625,In-domain,3.09585248231888,0.55598566528711,2.30362949967384,4.46931284666061
2-Aminobenzaldehyde,529-23-7,C1=CC=C(C(=C1)C=O)N,External Validation,Benzaldehyde,C1=CC=C(C=C1)C=O,0.391304347826087,Out-of-domain,2.51526995062828,0.283896060754924,1.91334308385849,2.99412980079651
(4-Isopropenyl-1-cyclohexenyl)methanol,536-59-4,CC(=C)C1CCC(=CC1)CO,External Validation,4-Isopropenyl-1-methyl-1-cyclohexene,CC1=CCC(CC1)C(=C)C,0.59375,Borderline,3.8336949300766,0.221636858888476,3.39609349966049,4.18898360729218
Isobutylbenzene,538-93-2,CC(C)CC1=CC=CC=C1,External Validation,Ethylbenzene,CCC1=CC=CC=C1,0.476190476190476,Borderline,3.95304085493088,0.243086958250815,3.54201073050499,4.40426981449127
"3,7-Dimethyl-2,6-octadienal",5392-40-5,CC(=CCCC(=CC=O)C)C,External Validation,"3,7,11-Trimethyl-2,6,10-dodecatrien-1-ol",CC(=CCCC(=CCCC(=CCO)C)C)C,0.518518518518518,Borderline,5.4698255777359,0.369642107206509,4.80620177984238,6.19041477441788
Pentyl butanoate,540-18-1,CCCCCOC(=O)CCC,External Validation,Octyl butanoate,CCCCCCCCOC(=O)CCC,0.954545454545455,In-domain,4.32861325025558,0.231301053322412,3.88912223577499,4.75676664113998
3-Methylcyclopentadecanone,541-91-3,CC1CCCCCCCCCCCCC(=O)C1,External Validation,Cyclopentadecanone,C1CCCCCCCC(=O)CCCCCC1,0.454545454545454,Borderline,4.97151616573334,0.161924862799249,4.66728829145432,5.24297845363617
2-Methyl-5-nitrophenol,5428-54-6,CC1=C(C=C(C=C1)[N+](=O)[O-])O,External Validation,"2,4-Dinitrophenol",C1=CC(=C(C=C1[N+](=O)[O-])[N+](=O)[O-])O,0.566666666666667,Borderline,2.67358251810074,0.159730905332951,2.34305157065391,2.98673405647278
2-Heptanol,543-49-7,CCCCCC(C)O,External Validation,2-Dodecanol,CCCCCCCCCCC(C)O,0.941176470588235,In-domain,3.26634111166,0.144795306036597,3.02800834178925,3.53723835945129
Raspberry ketone,5471-51-2,CC(=O)CCC1=CC=C(C=C1)O,External Validation,4-Nonylphenol,CCCCCCCCCC1=CC=C(C=C1)O,0.466666666666667,Borderline,2.88016272544861,0.199516209189666,2.42604340314865,3.25202419161797
"1-Bromo-2,5-dichloro-4-methoxybenzene",55026-90-9,COC1=CC(=C(C=C1Cl)Br)Cl,External Validation,"2,4-Dichloroanisole",COC1=C(C=C(C=C1)Cl)Cl,0.464285714285714,Borderline,7.99234895706177,0.324772812396724,7.1409322977066,8.38146631717682
2'-Aminoacetophenone,551-93-9,CC(=O)C1=CC=CC=C1N,External Validation,"2',3',4'-Trihydroxyacetophenone",CC(=O)C1=C(C(=C(C=C1)O)O)O,0.379310344827586,Out-of-domain,2.80993113040924,0.316783104105808,2.15553447604179,3.40299285650253
2-Methyl-3-pentanone,565-69-5,CCC(=O)C(C)C,External Validation,2-Mercapto-3-pentanone,CCC(=O)C(C)S,0.578947368421053,Borderline,4.03110632419586,0.264600029426959,3.46880140900612,4.46917419433594
"2,5-Dimethylbenzaldehyde",5779-94-2,CC1=CC(=C(C=C1)C)C=O,External Validation,"1,2,4-Trimethylbenzene",CC1=CC(=C(C=C1)C)C,0.478260869565217,Borderline,4.25931306600571,0.521577452358345,3.46085764765739,5.06199249029159
3-tert-Butylphenol,585-34-2,CC(C)(C)C1=CC(=CC=C1)O,External Validation,"1,3-Dihydroxybenzene",C1=CC(=CC(=C1)O)O,0.523809523809524,Borderline,3.17512893438339,0.087517930715305,3.0399205327034,3.38305285573006
Phenylacetonitrile,58632-95-4,CC(C)(C)OC(=O)ON=C(C#N)C1=CC=CC=C1,External Validation,Tert-butyl acetate,CC(=O)OC(C)(C)C,0.263157894736842,Out-of-domain,5.10712805271149,0.293397521082758,4.57793132066727,5.68828201293945
3-Heptanol,589-82-2,CCCCC(CC)O,External Validation,3-Decanol,CCCCCCCC(CC)O,0.789473684210526,In-domain,3.34067364931107,0.130313620834262,3.09785310029983,3.5731290102005
2-Propenylthio-2-propene,592-88-1,C=CCSCC=C,External Validation,(Ethylthio)ethane,CCSCC,0.266666666666667,Out-of-domain,5.97006293773651,0.308258362823687,5.46116898059845,6.56878629922867
"2,3-Pentadione",600-14-6,CCC(=O)C(=O)C,External Validation,Butanone,CCC(=O)C,0.533333333333333,Borderline,2.92509876489639,0.344653138071846,2.27075850963592,3.63921262621879
1-Nitro-2-phenylethane,6125-24-2,C1=CC=C(C=C1)CC[N+](=O)[O-],External Validation,2-Phenylethanol,C1=CC=C(C=C1)CCO,0.423076923076923,Borderline,4.21324414968491,0.251328567577819,3.7766357421875,4.80203818082809
"N,N-Diethylmethylamine",616-39-7,CCN(C)CC,External Validation,Triethylamine,CCN(CC)CC,0.416666666666667,Borderline,2.42459640264511,0.208149229289,1.99604749083519,2.79643123745918
Isopropyl 2-methylpropanoate,617-50-5,CC(C)C(=O)OC(C)C,External Validation,2-Propyl acetate,CC(C)OC(=O)C,0.526315789473684,Borderline,5.68428950309753,0.285674259571337,5.21788151264191,6.16795468330383
Methyl butanoate,623-42-7,CCCC(=O)OC,External Validation,Methyl hexanoate,CCCCCC(=O)OC,0.666666666666667,In-domain,3.04276890039444,0.240445368975493,2.70647943615913,3.65787454247475
"3,4-Dibromoanisole",62415-74-1,COC1=CC(=C(C=C1)Br)Br,External Validation,"2,3,6-Tribromoanisole",COC1=C(C=CC(=C1Br)Br)Br,0.44,Borderline,7.03010259151459,0.367733559947695,6.23936761617661,7.67681307792664
"3,3-Dimethyl-1-butanol",624-95-3,CC(C)(C)CCO,External Validation,3-Mercapto-3-methylbutan-1-ol,CC(C)(CCO)S,0.529411764705882,Borderline,2.90125208616257,0.170481006312979,2.63348696827888,3.2339129447937
Pentyl cyanide,628-73-9,CCCCCC#N,External Validation,Tetradecane,CCCCCCCCCCCCCC,0.4375,Borderline,3.27153542518616,0.352365206416763,2.58862587213516,3.82576115727425
2-Nonanol,628-99-9,CCCCCCCC(C)O,External Validation,2-Dodecanol,CCCCCCCCCCC(C)O,1,In-domain,3.50439353942871,0.126674436534911,3.25364865064621,3.716909968853
"2,2-Dimethylpropanal",630-19-3,CC(C)(C)C=O,External Validation,"2,2-Dimethylbutanal",CCC(C)(C)C=O,0.4375,Borderline,2.64802711367607,0.299821087107384,2.10866135954857,3.15703003406525
2-Ethoxy-2-methylpropane,637-92-3,CCOC(C)(C)C,External Validation,"Ethyl 3-(3,4-dimethylphenyl)-3-methyl-2,3-epoxypropanoate",CCOC(=O)C(C)(C)C,0.318181818181818,Out-of-domain,3.51004115343094,0.407215103597954,2.73712090849876,4.39998302459717
Ethyl 3-methyl-2-butenoate,638-10-8,CCOC(=O)C=C(C)C,External Validation,Ethyl acetate,CCOC(=O)C,0.5,Borderline,5.31280739307404,0.378610831565285,4.6512300491333,6.0472736954689
Isopropyl butanoate,638-11-9,CCCC(=O)OC(C)C,External Validation,2-Pentyl butanoate,CCCC(C)OC(=O)CCC,0.64,In-domain,5.32548259735107,0.294121155129154,4.79600784778595,5.81378371715546
2-Propylphenol,644-35-9,CCCC1=CC=CC=C1O,External Validation,2-Ethylphenol,CCC1=CC=CC=C1O,0.652173913043478,In-domain,3.32550041675568,0.132856200834638,3.07154878973961,3.57516981363296
4-Propylphenol,645-56-7,CCCC1=CC=C(C=C1)O,External Validation,4-Nonylphenol,CCCCCCCCCC1=CC=C(C=C1)O,0.666666666666667,In-domain,3.23694414138794,0.113563228847248,3.02851021289825,3.44472070932388
2-Ethylhexyl 2-methyl-2-propenoate,688-84-6,CCCCC(CC)COC(=O)C(=C)C,External Validation,Ethyl 2-methyl-2-propenoate,CCOC(=O)C(=C)C,0.46875,Borderline,5.30945055007935,0.285127330905029,4.84251412153244,5.93630440235138
3-Undecanol,6929-08-4,CCCCCCCCC(CC)O,External Validation,3-Decanol,CCCCCCCC(CC)O,1,In-domain,3.55491271734238,0.180884219401944,3.19748883247375,3.83690406084061
4-Methylthiazole,693-95-8,CC1=CSC=N1,External Validation,"2,5-Dimethylpyrazine",CC1=CN=C(C=N1)C,0.35,Out-of-domain,3.98294412612915,0.397091427646031,3.31859759688377,4.7832239985466
δ-Octalactone,698-76-0,CCCC1CCCC(=O)O1,External Validation,4-Hydroxyoctanoic acid lactone,CCCCC1CCC(=O)O1,0.612903225806452,In-domain,4.420409283638,0.508782717731551,3.56978321671486,5.48647254705429
5-Methyl-2-nitrophenol,700-38-9,CC1=CC(=C(C=C1)[N+](=O)[O-])O,External Validation,4-Methyl-2-nitrophenol,CC1=CC(=C(C=C1)O)[N+](=O)[O-],0.714285714285714,In-domain,2.8257457780838,0.201380979943776,2.40320788621902,3.04647634029388
5-Hydroxydodecanoic acid lactone,713-95-1,CCCCCCCC1CCCC(=O)O1,External Validation,4-Hydroxydodecanoic acid lactone,CCCCCCCCC1CCC(=O)O1,0.806451612903226,In-domain,5.39451331615448,0.268988106714989,4.86525559425354,5.93714299201965
Nerolidol,7212-44-4,CC(=CCCC(=CCCC(C)(C=C)O)C)C,External Validation,(E)-nerolidol,CC(=CCC/C(=C/CCC(C)(C=C)O)/C)C,1,In-domain,3.4250764131546,0.218156048591663,2.95592911839485,3.6041234254837
Butanol,75-65-0,CC(C)(C)O,External Validation,3-Methyl-3-pentanol,CCC(C)(CC)O,0.416666666666667,Borderline,1.83818208575249,0.275414178075785,1.37753103077412,2.3747992515564
Dimethyldithiophosphoric acid,756-80-9,COP(=S)(OC)S,External Validation,1-Methoxy-3-methyl-3-butanethiol,CC(C)(CCOC)S,0.166666666666667,Out-of-domain,4.94764937162399,0.477340427755495,3.99426254034042,5.93024866580963
1-Hydroxytricyclo[3.3.1.1(3.7)]decane,768-95-6,C1C2CC3CC1CC(C2)(C3)O,External Validation,"Exo-1,7,7-trimethylbicyclo[2.2,1]-2-heptanol",CC1(C2CCC1(C(C2)O)C)C,0.172413793103448,Out-of-domain,3.27139248132706,0.432904312442007,2.37001999616623,3.8927904009819
5-Isopropenyl-2-methyl-1-cyclohexanone,7764-50-3,CC1CCC(CC1=O)C(=C)C,External Validation,5-Isopropenyl-2-methyl-2-cyclohexen-1-one,CC1=CCC(CC1=O)C(=C)C,0.388888888888889,Out-of-domain,3.96041132926941,0.3383003908942,3.46686576604843,4.78277163505554
"3a,4,7,7a-Tetrahydro-4,7-methanoindene",77-73-6,C1C=CC2C1C3CC2C=C3,External Validation,"3,7,7-Trimethylbicyclo[4.1.0]-3-heptene",CC1=CCC2C(C1)C2(C)C,0.142857142857143,Out-of-domain,4.02919427633286,0.459956213072555,3.24013115167618,4.80325752496719
"3,5,5-Trimethyl-2-cyclohexen-1-one",78-59-1,CC1=CC(=O)CC(C1)(C)C,External Validation,"2,6,6-Trimethyl-2-cyclohexen-1-one",CC1=CCCC(C1=O)(C)C,0.28125,Out-of-domain,4.40559060573578,0.271989938707315,3.97971601486206,4.97538701295853
2-(4-Methyl-3-cyclohexenyl)isopropyl acetate,80-26-2,CC1=CCC(CC1)C(C)(C)OC(=O)C,External Validation,4-(2-Hydroxyisopropyl)-1-methyl-1-cyclohexene,CC1=CCC(CC1)C(C)(C)O,0.571428571428571,Borderline,4.98233525276184,0.254857682188895,4.47052738666534,5.45575065612793
Cyclododecanone,830-13-7,C1CCCCCC(=O)CCCCC1,External Validation,Cyclopentadecanone,C1CCCCCCCC(=O)CCCCCC1,1,In-domain,4.71394758224487,0.183365543971422,4.473550760746,5.1480150103569
Acenaphthene,83-32-9,C1CC2=CC=CC3=C2C1=CC=C3,External Validation,Indan,C1CC2=CC=CC=C2C1,0.380952380952381,Out-of-domain,4.75130651473999,0.300282962543169,4.24703348875046,5.33592704534531
Phenanthrene,85-01-8,C1=CC=C2C(=C1)C=CC3=CC=CC=C32,External Validation,Naphthalene,C1=CC=C2C=CC=CC2=C1,0.538461538461538,Borderline,4.39660856246948,0.433914980486204,3.66237077116966,5.14103041887283
2-tert-Butylphenol,88-18-6,CC(C)(C)C1=CC=CC=C1O,External Validation,2-Tert-butyl-5-methylphenol,CC1=CC(=C(C=C1)C(C)(C)C)O,0.52,Borderline,3.17632941961288,0.0880261372563695,2.97635418176651,3.34291355609894
2-Hydroxybenzaldehyde,90-02-8,C1=CC=C(C(=C1)C=O)O,External Validation,"1,2-Dihydroxybenzene",C1=CC=C(C(=C1)O)O,0.473684210526316,Borderline,2.65886022806168,0.228591792239108,2.21410256028175,3.06685789823532
2-Methoxyphenol,90-05-1,COC1=CC=CC=C1O,External Validation,4-Chloro-2-methoxyphenol,COC1=C(C=CC(=C1)Cl)O,0.481481481481482,Borderline,3.57309484004974,0.346060728388581,2.81881480813026,4.14742130041122
Bicyclo[4.4.0]decane,91-17-8,C1CCC2CCCCC2C1,External Validation,Cyclopentanol,C1CCC(C1)O,0.384615384615385,Out-of-domain,3.60999763011932,0.469599220867763,2.87531365156174,4.70047881603241
Biphenyl,92-52-4,C1=CC=C(C=C1)C2=CC=CC=C2,External Validation,2-Phenylphenol,C1=CC=C(C=C1)C2=CC=CC=C2O,0.444444444444444,Borderline,4.59218657493591,0.236449416088505,4.14346356391907,4.99741753339767
"(E)-1,2-Dimethoxy-4-(1-propenyl)benzene",93-16-3,CC=CC1=CC(=C(C=C1)OC)OC,External Validation,Trans-2-ethoxy-5-(1-propenyl)phenol,CCOC1=C(C=C(C=C1)C=CC)O,0.485714285714286,Borderline,3.69840932130814,0.324298779974205,3.28354493379593,4.3876028418541
Ethyl benzoate,93-89-0,CCOC(=O)C1=CC=CC=C1,External Validation,Ethyl cinnamate,CCOC(=O)C=CC1=CC=CC=C1,0.484848484848485,Borderline,4.9284042263031,0.300208030014918,4.38811852931976,5.42535177469254
Propyl 4-hydroxybenzoate,94-13-3,CCCOC(=O)C1=CC=C(C=C1)O,External Validation,Methyl 4-hydroxybenzoate,COC(=O)C1=CC=C(C=C1)O,0.551724137931034,Borderline,2.82192080497742,0.208172766761525,2.48182308077812,3.23623502254486
Isopentyl benzoate,94-46-2,CC(C)CCOC(=O)C1=CC=CC=C1,External Validation,Isoamyl acetate,CC(C)CCOC(=O)C,0.483870967741935,Borderline,5.0427014541626,0.246385903863412,4.50476052761078,5.43196566104889
2-Methylbutanal,96-17-3,CCC(C)C=O,External Validation,2-Methylpentanal,CCCC(C)C=O,0.578947368421053,Borderline,3.33963699579239,0.258894068228925,2.85998381376266,3.80370085835457
3-Pentanone,96-22-0,CCC(=O)CC,External Validation,Butanone,CCC(=O)C,0.538461538461538,Borderline,2.63348139286041,0.280833385452397,2.07768807411194,3.10465948581695
Methyl 2-propenoate,96-33-3,COC(=O)C=C,External Validation,Butyl 2-propenoate,CCCCOC(=O)C=C,0.423076923076923,Borderline,2.99373284578323,0.291565469507983,2.42638849020004,3.52939402461052
2-Methoxy-4-(1-propenyl)phenol,97-54-1,CC=CC1=CC(=C(C=C1)O)OC,External Validation,Ferulic acid,COC1=C(C=CC(=C1)C=CC(=O)O)O,0.647058823529412,In-domain,3.90971115589142,0.173446105669179,3.51317271590233,4.18052551746368
Butyl 2-methyl-2-propenoate,97-88-1,CCCCOC(=O)C(=C)C,External Validation,2-Butyl 2-methylbutanoate,CCCCOC(=O)C(=CC)C,0.607142857142857,In-domain,5.68841371059418,0.378561269348016,5.03582595586777,6.40841635465622
2-Ethyl-1-butanol,97-95-0,CCC(CC)CO,External Validation,2-Ethyl-1-hexanol,CCCCC(CC)CO,0.578947368421053,Borderline,3.0598522400856,0.179866089998997,2.71943579912186,3.41213145852089
2-Thiophenecarboxaldehyde,98-03-3,C1=CSC(=C1)C=O,External Validation,2-Thiophenethiol,C1=CSC(=C1)S,0.375,Out-of-domain,4.59462079286575,0.516080121871177,3.78523678183556,5.69843212366104
tert-Butylbenzene,98-06-6,CC(C)(C)C1=CC=CC=C1,External Validation,4-Tert-butylphenol,CC(C)(C)C1=CC=C(C=C1)O,0.5,Borderline,3.83063299894333,0.253707269797702,3.28860610723495,4.21076091527939
Isopropylbenzene,98-82-8,CC(C)C1=CC=CC=C1,External Validation,1-Phenylethyl acetate,CC(C1=CC=CC=C1)OC(=O)C,0.423076923076923,Borderline,3.69211418867111,0.283908994355902,3.27652136683464,4.30088056325912
"4-Isopropyl-1-methyl-1,5-cyclohexadiene",99-83-2,CC1=CCC(C=C1)C(C)C,External Validation,"4-Isopropyl-1-methyl-1,4-cyclohexadiene",CC1=CCC(=CC1)C(C)C,0.28125,Out-of-domain,3.68985377311706,0.28362222049393,3.22417021393776,4.26283074617386
α-Terpinene,99-86-5,CC1=CC=C(CC1)C(C)C,External Validation,"4-Isopropyl-1-methyl-1,4-cyclohexadiene",CC1=CCC(=CC1)C(C)C,0.407407407407407,Borderline,3.74909966468811,0.244814119485063,3.40071627497673,4.39795544147491
4'-Aminoacetophenone,99-92-3,CC(=O)C1=CC=C(C=C1)N,External Validation,1-Acetyl-4-methylbenzene,CC1=CC=C(C=C1)C(=O)C,0.590909090909091,Borderline,2.55362926363945,0.337150644411942,1.90917778909206,3.20013128519058
Allyl tiglate,7493-71-2,CC=C(C)C(=O)OCC=C,FEMA candidate,Ethyl (z)-2-methyl-2-butenoate,CCOC(=O)C(=CC)C,0.576923076923077,Borderline,5.74911040782928,0.392730421631431,5.10582242012024,6.42129160165787
"2-Methyl-1,3-dithiolane",5616-51-3,CC1SCCS1,FEMA candidate,"Trans-3,5-dimethyl-1,2,4-trithiolane",C[C@H]1S[C@@H](SS1)C,0.3125,Out-of-domain,6.05548329353333,0.335198771695568,5.31377011537552,6.60652874708176
Isopropyl 3-methylbutanoate,32665-23-9,CC(C)CC(=O)OC(C)C,FEMA candidate,Methyl 3-methylbutanoate,CC(C)CC(=O)OC,0.590909090909091,Borderline,5.66541971206665,0.424716054962513,4.95597591400147,6.64648200273514
"Dihydro-6-isopropyl-2,4-dimethyl-1,3,5(4H)-dithiazine",104691-41-0,CC1NC(SC(S1)C)C(C)C,FEMA candidate,"Trans-3,5-dimethyl-1,2,4-trithiolane",C[C@H]1S[C@@H](SS1)C,0.25,Out-of-domain,5.53527575492859,0.349640299812201,4.91504185199738,6.119074010849
"Dihydro-2-isopropyl-4,6-dimethyl-1,3,5(4H)-dithiazine",104691-40-9,CC1NC(SC(S1)C(C)C)C,FEMA candidate,"Trans-3,5-dimethyl-1,2,4-trithiolane",C[C@H]1S[C@@H](SS1)C,0.227272727272727,Out-of-domain,5.54234118461609,0.348349883833746,4.94122282266617,6.12551718950272
3-(Methylthio)heptanal,51755-70-5,CCCCC(CC=O)SC,FEMA candidate,3-(Methylthio)hexanal,CCCC(CC=O)SC,0.76,In-domain,6.49476838588715,0.357165674024066,5.97101156711578,7.37993358373642
4-Mercapto-3-methyl-2-butanol,33959-27-2,CC(CS)C(C)O,FEMA candidate,3-Methyl-2-hexanol,CCCC(C)C(C)O,0.45,Borderline,5.5041885137558,0.714832586028181,3.97262231707573,6.6689851641655
S-(2-Methyl-3-furyl) ethanethioate,55764-25-5,CC1=C(C=CO1)SC(=O)C,FEMA candidate,2-Methyl-3-(methyldithio)furan,CC1=C(C=CO1)SSC,0.5,Borderline,6.06173509120941,0.327369258292824,5.53454718589783,6.71631277799606
5-Ethyl-2-methylthiazole,19961-52-5,CCC1=CN=C(S1)C,FEMA candidate,"2,5-Diethylthiazole",CCC1=CN=C(S1)CC,0.6,In-domain,5.93809917449951,0.323425305150251,5.37481446266174,6.60526736974716
Heptyl formate,112-23-2,CCCCCCCOC=O,FEMA candidate,Butyl formate,CCCCOC=O,0.8,In-domain,5.73003229141235,0.384103711029063,5.01360372304916,6.35151048898697
2-Ethoxy-5-methylpyrazine,67845-34-5,CCOC1=NC=C(N=C1)C,FEMA candidate,2-Methoxy-5-methylpyrazine,CC1=CN=C(C=N1)OC,0.6,In-domain,5.69538862705231,0.248257354296406,5.30318976640701,6.19597806930542
4-Butyl-2-thiophenecarbaldehyde,163461-01-6,CCCCC1=CSC(=C1)C=O,FEMA candidate,4-Butyl-5-ethylthiazole,CCCCC1=C(SC=N1)CC,0.3,Out-of-domain,6.10050998210907,0.392299672559044,5.38317837715149,6.86198054552078
4-Methyl-2-(methylthiomethyl)-2-pentenal,40878-73-7,CC(C)C=C(CSC)C=O,FEMA candidate,Ethyl 2-(methylthio)acetate,CCOC(=O)CSC,0.28125,Out-of-domain,6.41356982707977,0.282848088948377,5.95982784032822,6.98193207979202
2-(Methylthiomethyl)-2-butenal,40878-72-6,CC=C(CSC)C=O,FEMA candidate,Ethyl 2-(methylthio)acetate,CCOC(=O)CSC,0.321428571428572,Out-of-domain,6.32596248626709,0.272539052448132,5.83397262096405,6.83652776479721
1-Hexanethiol,111-31-9,CCCCCCS,FEMA candidate,1-Pentanethiol,CCCCCS,0.923076923076923,In-domain,6.10995856761932,0.349517036273017,5.49200159311295,6.7536803483963
Butyl 2-methylpropanoate,97-87-0,CCCCOC(=O)C(C)C,FEMA candidate,Octyl 2-methylpropanoate,CCCCCCCCOC(=O)C(C)C,0.826086956521739,In-domain,5.87508235931397,0.264193607465558,5.44757658243179,6.3924170255661
2-Hexylthiophene,18794-77-9,CCCCCCC1=CC=CS1,FEMA candidate,3-(2-Thienyl)propanoic acid,C1=CSC(=C1)CCC(=O)O,0.454545454545454,Borderline,6.13297459602356,0.350185348400486,5.43585792779922,6.68973635435104
Methyl 3-nonenoate,13481-87-3,CCCCCC=CCC(=O)OC,FEMA candidate,Methyl (z)-4-decenoate,CCCCCC=CCCC(=O)OC,0.724137931034483,In-domain,6.02686417579651,0.430027833425392,5.23393020629883,6.83676674365997
Propyl 3-methylbutanoate,557-00-6,CCCOC(=O)CC(C)C,FEMA candidate,Isoamyl isovalerate,CC(C)CCOC(=O)CC(C)C,0.68,In-domain,6.0915118598938,0.484675231573213,5.27766736745834,7.01661653518677
4-Mercapto-2-pentanone,92585-08-5,CC(CC(=O)C)S,FEMA candidate,4- Methyl-2-pentanone,CC(C)CC(=O)C,0.578947368421053,Borderline,6.34767220020294,0.340222300920336,5.75757831335068,7.10208275318146
"1,5-Octadien-3-one",65213-86-7,CCC=CCC(=O)C=C,FEMA candidate,1-Hepten-3-one,CCCCC(=O)C=C,0.444444444444444,Borderline,5.7941065788269,0.522024851057362,4.71665164232254,6.65878500938415
8-Nonen-2-one,5009-32-5,CC(=O)CCCCCC=C,FEMA candidate,2-Octanone,CCCCCCC(=O)C,0.52,Borderline,5.86650237560272,0.553797312225972,4.95717732906342,6.82569855451584
(E)-5-Dodecenal,68820-34-8,CCCCCCC=CCCCC=O,FEMA candidate,(E)-8-tetradecenal,CCCCC/C=C/CCCCCCC=O,0.95,In-domain,6.44718593120575,0.527748576523984,5.6173997759819,7.44750142097473
(Z)-4-Dodecenal,21944-98-9,CCCCCCCC=CCCC=O,FEMA candidate,(E)-4-decenal,CCCCCC=CCCC=O,0.95,In-domain,6.47644797801971,0.540615871009551,5.59928132295609,7.48832174539566
4-(Methylthio)butanal,42919-64-2,CSCCCC=O,FEMA candidate,Methional,CSCCC=O,0.684210526315789,In-domain,6.45010959148407,0.366589056468659,5.60579112768173,6.93178567886353
3-Mercapto-1-butyl acetate,89534-38-3,CC(CCOC(=O)C)S,FEMA candidate,Isoamyl acetate,CC(C)CCOC(=O)C,0.666666666666667,In-domain,6.39119236469269,0.515141263269711,5.41473245620728,7.13578122854233
Methyl 3-(methylthio)butanoate,207983-28-6,CC(CC(=O)OC)SC,FEMA candidate,Methyl 3-methylbutanoate,CC(C)CC(=O)OC,0.583333333333333,Borderline,6.17423890113831,0.347898004438239,5.61439118385315,6.93328849077225
"1,3-Propanedithiol",109-80-8,C(CS)CS,FEMA candidate,1-Butanethiol,CCCCS,0.5,Borderline,5.70913753509521,0.282781196639255,5.24135707616806,6.28053817749023
2-Mercapto-3-methyl-1-butanol,116229-37-9,CC(C)C(CO)S,FEMA candidate,3-Mercapto-2-methyl-1-pentanol,CCC(C(C)CO)S,0.476190476190476,Borderline,5.86392518520355,0.600773565647606,4.48876637220383,6.77006096839905
2-Octen-4-one,4643-27-0,CCCCC(=O)C=CC,FEMA candidate,1-Hepten-3-one,CCCCC(=O)C=C,0.56,Borderline,5.94270616054535,0.488537795255013,5.0650497674942,6.87053509950638
1-Heptanethiol,1639-09-4,CCCCCCCS,FEMA candidate,1-Pentanethiol,CCCCCS,0.923076923076923,In-domain,6.21776371479034,0.439489327083806,5.51966706514358,7.10184789896011
Isopentyl isothiocyanate,628-03-5,CC(C)CCN=C=S,FEMA candidate,Sec-butyl isothiocyanate,CCC(C)N=C=S,0.346153846153846,Out-of-domain,5.817931432724,0.276316869153314,5.29299755096436,6.37184535264969
3-Octen-2-one,1669-44-9,CCCCC=CC(=O)C,FEMA candidate,"2,4-Nonadienal",CCCCC=CC=CC=O,0.481481481481482,Borderline,6.01585946559906,0.446677989147111,5.27189357280731,6.89451124668121
"(E,E)-2,4-Dodecadienal",21662-16-8,CCCCCCCC=CC=CC=O,FEMA candidate,"2,4-Undecadienal",CCCCCCC=CC=CC=O,1,In-domain,6.55771976947784,0.424454392089376,5.79883643388748,7.28228743076324
Isobutyl 2-methylpropanoate,97-85-8,CC(C)COC(=O)C(C)C,FEMA candidate,2-Methylpropyl acetate,CC(C)COC(=O)C,0.619047619047619,In-domain,5.77659433841705,0.387408779496346,5.20672920942306,6.71348921060562
3-Methyl-1-butanethiol,541-31-1,CC(C)CCS,FEMA candidate,5-Methyl-2-hexanol,CC(C)CCC(C)O,0.388888888888889,Out-of-domain,5.80725028991699,0.295637987883033,5.0492493391037,6.36029906272888
2-Ethoxy-3-isopropylpyrazine,72797-16-1,CCOC1=NC=CN=C1C(C)C,FEMA candidate,2-Methoxy-6-isopropylpyrazine,CC(C)C1=NC=CN=C1OC,0.62962962962963,In-domain,6.4080468082428,0.414430633585192,5.55944119691849,7.18822029829025
2-Methyl-1-butanethiol,1878-18-8,CCC(C)CS,FEMA candidate,3-Mercapto-2-methylpropanol,CC(CO)CS,0.5,Borderline,5.83924563884735,0.324798874217339,5.20488950014114,6.46935373544693
2-Mercapto-4-heptanol,1006684-20-3,CCCC(CC(C)S)O,FEMA candidate,2-Methyl-4-heptanol,CCCC(CC(C)C)O,0.636363636363636,In-domain,6.15185536384582,0.756975385979449,4.37264378070831,7.31046124696732
Isopropyl 2-methylbutanoate,66576-71-4,CCC(C)C(=O)OC(C)C,FEMA candidate,Methyl (s)-(+)-2-methylbutanoate,CCC(C)C(=O)OC,0.608695652173913,In-domain,6.05068534851074,0.365384603101356,5.25272673368454,6.7815548658371
3-Mercaptohexanal,51755-72-7,CCCC(CC=O)S,FEMA candidate,3-(Methylthio)hexanal,CCCC(CC=O)SC,0.481481481481482,Borderline,6.70079033851624,0.369746819858218,6.02590148448944,7.46077252626419
2-Methyl-2-octenal,73757-27-4,CCCCCC=C(C)C=O,FEMA candidate,(Z)-2-butyl-2-octenal,CCCCC/C=C(/CCCC)\C=O,0.571428571428571,Borderline,6.0937642621994,0.422251144246086,5.27823967933655,6.88105721473694
(E)-4-Undecenal,68820-35-9,CCCCCCC=CCCC=O,FEMA candidate,(E)-4-decenal,CCCCCC=CCCC=O,0.95,In-domain,6.63325983047485,0.486853985243544,5.82615292072296,7.61329514980316
Ethyl 2-ethylhexanoate,2983-37-1,CCCCC(CC)C(=O)OCC,FEMA candidate,Ethyl 2-ethylpentanoate,CCCC(CC)C(=O)OCC,0.76,In-domain,6.24521896839142,0.499133211122544,5.181037068367,7.12929924726486
"2,5-Dithiahexane",6628-18-8,CSCCSC,FEMA candidate,3-(Methylthio)-1-propanol,CSCCCO,0.466666666666667,Borderline,6.39581919193268,0.412722570296014,5.62053430080414,6.93472307920456
Methyl octyl sulfide,3698-95-1,CCCCCCCCSC,FEMA candidate,Tetradecane,CCCCCCCCCCCCCC,0.533333333333333,Borderline,5.88984250068665,0.333434721394148,5.20566880702972,6.45600064992905
"4-Ethyldihydro-2,6-dimethyl-1,3,5(4H)-dithiazine",54717-13-4,CCC1NC(SC(S1)C)C,FEMA candidate,"Trans-3,5-dimethyl-1,2,4-trithiolane",C[C@H]1S[C@@H](SS1)C,0.25,Out-of-domain,5.75470868587494,0.377778467499223,5.02168864011765,6.45942698717117
Ethyl 3-hexenoate,2396-83-0,CCC=CCC(=O)OCC,FEMA candidate,Ethyl propanoate,CCC(=O)OCC,0.5,Borderline,5.94493799686432,0.387595790199378,5.30915389060974,6.76996246576309
2-Ethoxy-3-ethylpyrazine,35243-43-7,CCC1=NC=CN=C1OCC,FEMA candidate,2-Ethyl-3-methoxypyrazine,CCC1=NC=CN=C1OC,0.68,In-domain,6.23999186038971,0.310792455766693,5.62198493480682,6.88184772729874
"2-Ethyldihydro-4,6-dimethyl-1,3,5(4H)-dithiazine",54717-14-5,CCC1SC(NC(S1)C)C,FEMA candidate,"Trans-3,5-dimethyl-1,2,4-trithiolane",C[C@H]1S[C@@H](SS1)C,0.238095238095238,Out-of-domain,5.73267765045166,0.393175358169885,5.00058332681656,6.44500852823257
3-Decen-2-one,10519-33-2,CCCCCCC=CC(=O)C,FEMA candidate,7-Heptadecene,CCCCCCCCCC=CCCCCCC,0.565217391304348,Borderline,6.19552947998047,0.52409583368881,5.28781551122665,7.04941452741623
2-Methyl-3-tetrahydrofuranthiol,57124-87-5,CC1C(CCO1)S,FEMA candidate,"1,2-Epoxypropane",CC1CO1,0.3,Out-of-domain,6.5371226978302,0.365044344777943,5.86016947031021,7.23358486890793
Methyl phenyl disulfide,14173-25-2,CSSC1=CC=CC=C1,FEMA candidate,Phenyldithiobenzene,C1=CC=C(C=C1)SSC2=CC=CC=C2,0.647058823529412,In-domain,6.56627170085907,0.363514830441086,5.88409972190857,7.31591939926147
3-(Methylthio)propyl isothiocyanate,505-79-3,CSCCCN=C=S,FEMA candidate,5-Hexenyl isothiocyanate,C=CCCCCN=C=S,0.413793103448276,Borderline,6.34677858829498,0.326282061684156,5.60697295665741,6.85763025283813
"2,5-Dimethyl-3-furanthiol",55764-23-3,CC1=CC(=C(O1)C)S,FEMA candidate,"2,5-Dimethyl-3-(methyldithio)furan",CC1=CC(=C(O1)C)SSC,0.423076923076923,Borderline,6.50332192420959,0.355877178884698,5.7664647936821,7.10545252561569
2-Pentylthiophene,4861-58-9,CCCCCC1=CC=CS1,FEMA candidate,3-(2-Thienyl)propanoic acid,C1=CSC(=C1)CCC(=O)O,0.46875,Borderline,6.09868052005768,0.308817853352091,5.50767188072205,6.71700189113617
Dibutyl sulfide,544-40-1,CCCCSCCCC,FEMA candidate,2-(Pentylthio)ethanal,CCCCCSCC=O,0.454545454545454,Borderline,6.01607931137085,0.316464495683086,5.37899609804153,6.52801787853241
2-Pentylthiazole,37645-62-8,CCCCCC1=NC=CS1,FEMA candidate,2-Ethoxy-3-octylpyrazine,CCCCCCCCC1=NC=CN=C1OCC,0.416666666666667,Borderline,6.1872508430481,0.295401948279966,5.73706496953964,6.74721772670746
4-(Methylthio)butyl isothiocyanate,4430-36-8,CSCCCCN=C=S,FEMA candidate,5-Hexenyl isothiocyanate,C=CCCCCN=C=S,0.448275862068966,Borderline,6.32874624252319,0.344872406418065,5.64218760728836,6.90829282999039
3-Mercaptoheptyl acetate,548774-80-7,CCCCC(CCOC(=O)C)S,FEMA candidate,3-Mercaptohexyl acetate,CCCC(CCOC(=O)C)S,0.785714285714286,In-domain,6.38979702949524,0.734120733930724,4.96161041259766,7.37852057218552
3-Methyl-2-butanethiol,2084-18-6,CC(C)C(C)S,FEMA candidate,3-Mercapto-2-butanone,CC(C(=O)C)S,0.333333333333333,Out-of-domain,5.47441714763641,0.328347801978585,4.89210691452026,6.06480528116226
"1,6-Hexanedithiol",1191-43-1,C(CCCS)CCS,FEMA candidate,1-Pentanethiol,CCCCCS,0.538461538461538,Borderline,6.39306593894958,0.354086384814788,5.67107284069061,7.04289445877075
1-(2-Thienyl)ethanethiol,94089-02-8,CC(C1=CC=CS1)S,FEMA candidate,2-Thiophenethiol,C1=CSC(=C1)S,0.4,Borderline,6.93789510726929,0.345327123205105,6.25917893648148,7.56851725578308
5-(Methylthio)pentyl isothiocyanate,4430-42-6,CSCCCCCN=C=S,FEMA candidate,5-Hexenyl isothiocyanate,C=CCCCCN=C=S,0.433333333333333,Borderline,6.41868786334991,0.299889169148386,5.84560815095902,7.06456543207169
"(E,Z)-2,6-Dodecadienal",21662-13-5,CCCCCC=CCCC=CC=O,FEMA candidate,(Z)-2-nonenal,CCCCCC/C=C\C=O,0.863636363636364,In-domain,6.89349428653717,0.451251117794296,6.00474797487259,7.64279687404633
Di-sec-butyl disulfide,5943-30-6,CCC(C)SSC(C)CC,FEMA candidate,2-Butanol,CCC(C)O,0.375,Out-of-domain,6.21792057991028,0.399376034493936,5.45575356483459,6.92540277242661
6-(Methylthio)hexyl isothiocyanate,4430-39-1,CSCCCCCCN=C=S,FEMA candidate,5-Hexenyl isothiocyanate,C=CCCCCN=C=S,0.433333333333333,Borderline,6.60081487178802,0.308151079663508,6.06463685035706,7.1611491560936
p-1-Menthene-8-thiol,71159-90-5,CC1=CCC(CC1)C(C)(C)S,FEMA candidate,4-(2-Hydroxyisopropyl)-1-methyl-1-cyclohexene,CC1=CCC(CC1)C(C)(C)O,0.655172413793103,In-domain,5.79446609973907,0.407002935657139,5.07081190347671,6.57721276283264
"3-Methyl-1,2,4-trithiane",43040-01-3,CC1SCCSS1,FEMA candidate,"Trans-3,5-dimethyl-1,2,4-trithiolane",C[C@H]1S[C@@H](SS1)C,0.3,Out-of-domain,6.71970816135407,0.318771152839623,6.17939321994781,7.36990940570831
2-Ethyl-1-hexanethiol,7341-17-5,CCCCC(CC)CS,FEMA candidate,2-Ethyl-1-hexanol,CCCCC(CC)CO,0.565217391304348,Borderline,6.2883535528183,0.49049880727355,5.50085182189941,7.32825764417648
"2,4,5-Trithiaoctane",911212-28-7,CCCSSCSC,FEMA candidate,"2,4,5,7-Tetrathiaoctane",CSCSSCSC,0.625,In-domain,6.69200410842896,0.350183905386998,6.13541791439056,7.43775228261948
"3,5-Undecadien-2-one",68973-20-6,CCCCCC=CC=CC(=O)C,FEMA candidate,"2,4-Decadienal",CCCCCC=CC=CC=O,0.571428571428571,Borderline,7.00378238201141,0.445671752444024,6.25395158529282,7.89024742841721
(+/-)2-Mercapto-2-methyl-1-pentanol,258823-39-1,CCCC(C)(CO)S,FEMA candidate,2-Methyl-2-pentanol,CCCC(C)(C)O,0.428571428571428,Borderline,6.79401727199555,0.742220943628922,5.01593744754791,7.78380163908005
"(Z,Z)-4,7-Tridecadienal",13552-95-9,CCCCCC=CCC=CCCC=O,FEMA candidate,(E)-4-decenal,CCCCCC=CCCC=O,0.863636363636364,In-domain,6.92687528610229,0.50364904946611,5.9914590716362,7.69777693748474
Ethyl 2-methyl-3-pentenoate,1617-23-8,CCOC(=O)C(C)C=CC,FEMA candidate,Ethyl 2-methylpropanoate,CCOC(=O)C(C)C,0.52,Borderline,6.44444358348846,0.375710061156436,5.81682325601578,7.18126931190491
3-(Allyldithio)-2-butanone,1838169-65-5,CC(C(=O)C)SSCC=C,FEMA candidate,3-Methyl-2-hexanone,CCCC(C)C(=O)C,0.32258064516129,Out-of-domain,7.16612774372101,0.335138865066776,6.63464580774307,7.79595141410828
Allyl methyl disulfide,2179-58-0,CSSCC=C,FEMA candidate,Methyl(methylthio)dithiomethan,CSCSSC,0.35,Out-of-domain,7.27606677532196,0.391928115344412,6.4767268538475,7.93247455358505
Methyl pentyl disulfide,72437-68-4,CCCCCSSC,FEMA candidate,Tetradecane,CCCCCCCCCCCCCC,0.411764705882353,Borderline,6.96060235500336,0.355873618757728,6.25143394470215,7.57973784208298
Dipropyl trisulfide,6028-61-1,CCCSSSCCC,FEMA candidate,Ethyldithioethane,CCSSCC,0.333333333333333,Out-of-domain,6.68772305965424,0.403857512791313,5.85676665306091,7.38324539661408
Isopentyl methyl disulfide,72437-56-0,CC(C)CCSSC,FEMA candidate,2-(Isopentylthio)ethanal,CC(C)CCSCC=O,0.384615384615385,Out-of-domain,6.7920604467392,0.378100733660283,5.97268447875977,7.46934232711792
Butyl propyl disulfide,72437-64-0,CCCCSSCCC,FEMA candidate,Tetradecane,CCCCCCCCCCCCCC,0.375,Out-of-domain,6.90977299690247,0.410128863055203,6.09922156333923,7.61022132635116
Methyl propyl trisulfide,17619-36-2,CCCSSSC,FEMA candidate,Methyltetrathiomethane,CSSSSC,0.375,Out-of-domain,6.949387550354,0.347537003286314,6.19272575378418,7.53971034288406
"(E,Z,Z)-2,4,7-Tridecatrienal",13552-96-0,CCCCCC=CCC=CC=CC=O,FEMA candidate,"2,4-Decadienal",CCCCCC=CC=CC=O,0.769230769230769,In-domain,7.07225217342377,0.477094599222211,6.16798628568649,7.7975932598114
3-Nonen-2-one,14309-57-0,CCCCCC=CC(=O)C,FEMA candidate,"6,9-Pentadecadien-2-one",CCCCC/C=C\C/C=C\CCCC(=O)C,0.533333333333333,Borderline,6.60488309383392,0.506593415342281,5.68639669418335,7.44272358417511
Ethyl propyl trisulfide,31499-70-4,CCCSSSCC,FEMA candidate,Ethyldithioethane,CCSSCC,0.4375,Borderline,6.79169256687164,0.363487505900913,6.01760387420654,7.44580564498901
Methyl 2-methylpentanoate,2177-77-7,CCCC(C)C(=O)OC,FEMA candidate,Ethyl 2-methylpentanoate,CCCC(C)C(=O)OCC,0.666666666666667,In-domain,6.80845297336578,0.33836523926665,6.20053654909134,7.45057456493378
Dipropyl disulfide,629-19-6,CCCSSCCC,FEMA candidate,Ethyldithioethane,CCSSCC,0.384615384615385,Out-of-domain,6.86125938892364,0.458015230072262,5.84257885217667,7.62285013198852
Diethyl trisulfide,3600-24-6,CCSSSCC,FEMA candidate,Ethyldithioethane,CCSSCC,0.636363636363636,In-domain,6.95805463790894,0.437736454384274,5.8828226685524,7.65611655712128
Butyl ethyl disulfide,63986-03-8,CCCCSSCC,FEMA candidate,Ethyldithioethane,CCSSCC,0.533333333333333,Borderline,7.01982258796692,0.424621031390302,6.14136744737625,7.69317810535431
Ethyl methyl trisulfide,31499-71-5,CCSSSC,FEMA candidate,Ethyldithioethane,CCSSCC,0.5,Borderline,7.10227031707764,0.379890685364209,6.26186339855194,7.68488763570786
Methyl propyl disulfide,2179-60-4,CCCSSC,FEMA candidate,Methyl(methylthio)dithiomethan,CSCSSC,0.388888888888889,Out-of-domain,7.04694790363312,0.590867502224655,5.88888881206512,7.77578518390655
Ethyl 5-Norbornene-2-carboxylate,10138-32-6,CCOC(=O)C1CC2CC1C=C2,FEMA candidate,Ethyl cyclooctanecarboxylate,CCOC(=O)C1CCCCCCC1,0.388888888888889,Out-of-domain,6.2292946100235,0.666057463015843,5.00561031103134,7.37760804891586
2-Isobutyl-3-methoxypyrazine,24683-00-9,C(C)(C)CC1=NC=CN=C1OC,FEMA candidate,2-Isobutyl-3-methoxypyrazine,CC(C)CC1=NC=CN=C1OC,1,In-domain,8.00682211875916,0.488133401721263,7.01949853897095,8.40909354686737
Allyl methyl trisulfide,34135-85-8,CSSSCC=C,FEMA candidate,Methyltetrathiomethane,CSSSSC,0.333333333333333,Out-of-domain,7.52932696819305,0.348822814884805,6.65197458267212,8.03271324634552
3-Mercapto-3-methylbutyl acetate,50746-09-3,CC(=O)OCCC(C)(C)S,FEMA candidate,1-Methoxy-3-methyl-3-butanethiol,CC(C)(CCOC)S,0.48,Borderline,7.33329480171204,0.655476815970323,5.70901346206665,8.25747029781341
Ethyl propyl disulfide,30453-31-7,CCCSSCC,FEMA candidate,Ethyldithioethane,CCSSCC,0.615384615384615,In-domain,7.20097920417786,0.49107371240588,6.10831815004349,7.77906330823898
Allyl propyl disulfide,2179-59-1,CCCSSCC=C,FEMA candidate,2-(Propylthio)ethanal,CCCSCC=O,0.346153846153846,Out-of-domain,7.39635135173798,0.405135544248226,6.54062980413437,8.01970735788345
2-(sec-Butyl)-3-methoxypyrazine,24168-70-5,C(C)(CC)C1=NC=CN=C1OC,FEMA candidate,2-Sec-butyl-3-methoxypyrazine,CCC(C)C1=NC=CN=C1OC,1,In-domain,7.83494005203247,0.297873235684873,6.9860138297081,8.09548749923706
(E)-4-Nonenal,2277-16-9,CCCCC=CCCC=O,FEMA candidate,(E)-4-decenal,CCCCCC=CCCC=O,0.85,In-domain,7.54811862468719,0.543103178422132,6.19753831624985,8.34251005649567
5-Mercapto-5-methyl-3-hexanone,851768-51-9,CCC(=O)CC(C)(C)S,FEMA candidate,2-Mercapto-2-methyl-4-pentanone,CC(=O)CC(C)(C)S,0.545454545454545,Borderline,7.29832672119141,0.726499998994588,5.9152289390564,8.29670314788818
(S)-1-Methoxy-3-heptanethiol,400052-49-5,CCCCC(CCOC)S,FEMA candidate,3-Mercaptohexyl acetate,CCCC(CCOC(=O)C)S,0.40625,Borderline,7.41972407817841,0.629938670857996,6.32649704217911,8.47353360652924
Methyl cyclohexanecarboxylate,4630-82-4,COC(=O)C1CCCCC1,FEMA candidate,Ethyl cyclooctanecarboxylate,CCOC(=O)C1CCCCCCC1,0.576923076923077,Borderline,7.00781409263611,0.573620675708459,5.73298552036285,7.85861142873764
